Date,IP Address,City
2026-04-26 23:54,24.64.12.5,Kitimat
2026-05-01 03:47,24.64.12.5,Kitimat
2026-04-22 11:17,24.64.12.5,Kitimat
2026-04-05 12:12,24.64.12.5,Kitimat
2026-04-19 03:36,24.64.12.5,Kitimat
2026-04-26 15:44,24.64.18.22,Kitimat
2026-04-21 01:59,95.161.22.4,Riyadh
2026-04-18 04:18,142.177.3.14,Kitimat
2026-04-22 06:02,142.177.3.14,Kitimat
2026-04-27 20:42,24.64.18.22,Kitimat
2026-04-21 00:37,24.64.12.5,Kitimat
2026-04-10 07:33,24.64.12.5,Kitimat
2026-04-02 02:20,142.177.3.14,Kitimat
2026-04-28 13:59,142.177.3.14,Kitimat
2026-04-13 03:53,24.64.18.22,Kitimat
2026-04-20 14:47,142.177.3.14,Kitimat
2026-04-04 03:22,142.177.3.14,Kitimat
2026-04-13 20:38,142.177.3.14,Kitimat
2026-04-03 04:10,188.48.12.9,Riyadh
2026-04-07 06:02,85.214.45.23,Berlin
2026-04-03 04:40,24.64.18.22,Kitimat
2026-04-26 08:06,142.177.3.14,Kitimat
2026-04-01 21:46,142.177.3.14,Kitimat
2026-04-02 01:53,18.142.12.5,Singapore
2026-04-10 17:34,142.177.3.14,Kitimat
2026-04-22 15:39,207.81.45.10,Vancouver
2026-04-18 01:29,142.177.3.14,Kitimat
2026-04-28 13:42,142.177.3.14,Kitimat
2026-04-02 06:33,24.64.18.22,Kitimat
2026-04-07 10:06,24.64.18.22,Kitimat
2026-04-15 19:29,24.64.12.5,Kitimat
2026-04-01 20:32,24.64.18.22,Kitimat
2026-04-25 05:21,142.177.3.14,Kitimat
2026-04-14 18:52,142.177.3.14,Kitimat
2026-04-11 15:53,24.64.12.5,Kitimat
2026-04-01 14:44,91.193.12.77,Warsaw
2026-04-24 10:08,24.64.18.22,Kitimat
2026-04-07 15:18,24.64.18.22,Kitimat
2026-04-09 10:18,24.64.12.5,Kitimat
2026-04-29 16:27,24.64.12.5,Kitimat
2026-04-26 06:27,24.64.18.22,Kitimat
2026-04-14 19:46,24.64.18.22,Kitimat
2026-04-25 23:46,142.177.3.14,Kitimat
2026-04-04 03:38,24.64.12.5,Kitimat
2026-04-19 05:03,24.64.18.22,Kitimat
2026-04-18 22:39,142.177.3.14,Kitimat
2026-04-19 21:37,24.64.18.22,Kitimat
2026-04-18 15:00,142.177.3.14,Kitimat
2026-04-15 04:13,142.177.3.14,Kitimat
2026-04-19 17:34,142.177.3.14,Kitimat
2026-04-27 13:08,24.64.18.22,Kitimat
2026-04-30 02:18,24.64.18.22,Kitimat
2026-04-29 11:21,142.177.3.14,Kitimat
2026-04-19 23:57,207.81.45.10,Vancouver
2026-04-27 20:08,24.64.12.5,Kitimat
2026-04-13 13:54,142.177.3.14,Kitimat
2026-04-11 19:16,24.64.12.5,Kitimat
2026-04-23 04:54,142.177.3.14,Kitimat
2026-04-30 03:43,24.64.12.5,Kitimat
2026-04-17 17:38,142.177.3.14,Kitimat
2026-04-15 05:00,142.177.3.14,Kitimat
2026-04-14 13:34,24.64.12.5,Kitimat
2026-04-13 20:54,142.177.3.14,Kitimat
2026-04-18 12:34,24.64.12.5,Kitimat
2026-04-24 23:15,24.64.18.22,Kitimat
2026-04-04 13:44,142.177.3.14,Kitimat
2026-04-01 01:17,142.177.3.14,Kitimat
2026-05-01 22:49,142.177.3.14,Kitimat
2026-04-07 13:26,24.64.18.22,Kitimat
2026-04-30 03:09,24.64.18.22,Kitimat
2026-04-18 14:25,24.64.12.5,Kitimat
2026-04-07 16:51,142.177.3.14,Kitimat
2026-04-17 19:44,24.64.18.22,Kitimat
2026-04-02 13:00,142.177.3.14,Kitimat
2026-04-03 13:19,142.177.3.14,Kitimat
2026-04-18 05:40,24.64.18.22,Kitimat
2026-04-05 07:09,24.64.12.5,Kitimat
2026-04-30 12:57,142.177.3.14,Kitimat
2026-04-27 05:34,207.81.45.10,Vancouver
2026-04-12 20:18,24.64.18.22,Kitimat
2026-04-26 07:41,142.177.3.14,Kitimat
2026-04-17 17:08,24.64.12.5,Kitimat
2026-04-25 01:17,142.177.3.14,Kitimat
2026-04-09 03:24,142.177.3.14,Kitimat
2026-04-19 21:38,24.64.12.5,Kitimat
2026-04-05 10:26,142.177.3.14,Kitimat
2026-04-01 21:20,142.177.3.14,Kitimat
2026-04-04 00:50,24.64.12.5,Kitimat
2026-04-12 17:40,24.64.18.22,Kitimat
2026-04-09 10:13,24.64.12.5,Kitimat
2026-04-08 07:10,24.64.12.5,Kitimat
2026-04-29 15:55,24.64.12.5,Kitimat
2026-04-11 07:53,24.64.18.22,Kitimat
2026-04-18 16:35,24.64.18.22,Kitimat
2026-04-02 08:55,24.64.12.5,Kitimat
2026-04-29 02:44,142.177.3.14,Kitimat
2026-04-22 11:41,24.64.12.5,Kitimat
2026-04-23 18:00,142.177.3.14,Kitimat
2026-04-13 14:45,142.177.3.14,Kitimat
2026-04-13 11:36,95.161.22.4,Riyadh
2026-04-06 18:33,24.64.18.22,Kitimat
2026-04-29 18:47,24.64.18.22,Kitimat
2026-04-17 06:26,24.64.12.5,Kitimat
2026-04-06 02:32,142.177.3.14,Kitimat
2026-04-23 19:34,142.177.3.14,Kitimat
2026-04-18 15:22,24.64.18.22,Kitimat
2026-04-13 04:48,142.177.3.14,Kitimat
2026-04-03 18:51,24.64.18.22,Kitimat
2026-04-26 11:51,142.177.3.14,Kitimat
2026-04-25 06:13,24.64.12.5,Kitimat
2026-04-16 17:28,91.193.12.77,Warsaw
2026-04-07 23:36,24.64.18.22,Kitimat
2026-04-17 00:46,85.214.45.23,Berlin
2026-04-28 14:17,24.64.18.22,Kitimat
2026-04-26 08:34,24.64.18.22,Kitimat
2026-04-24 03:55,207.81.45.10,Vancouver
2026-04-07 01:03,91.193.12.77,Warsaw
2026-04-14 13:35,24.64.18.22,Kitimat
2026-04-03 21:17,24.64.18.22,Kitimat
2026-04-26 22:19,142.177.3.14,Kitimat
2026-04-10 04:50,142.177.3.14,Kitimat
2026-04-04 19:07,24.64.18.22,Kitimat
2026-04-02 17:00,24.64.12.5,Kitimat
2026-04-08 12:05,24.64.18.22,Kitimat
2026-04-25 13:52,24.64.12.5,Kitimat
2026-04-12 12:23,142.177.3.14,Kitimat
2026-04-24 13:58,142.177.3.14,Kitimat
2026-04-11 19:23,142.177.3.14,Kitimat
2026-04-07 10:04,142.177.3.14,Kitimat
2026-04-25 06:17,24.64.18.22,Kitimat
2026-04-13 13:01,24.64.18.22,Kitimat
2026-04-23 14:25,24.64.12.5,Kitimat
2026-04-19 00:13,24.64.12.5,Kitimat
2026-04-14 12:21,142.177.3.14,Kitimat
2026-04-25 01:48,24.64.18.22,Kitimat
2026-04-24 23:09,142.177.3.14,Kitimat
2026-04-30 17:17,142.177.3.14,Kitimat
2026-04-15 04:06,142.177.3.14,Kitimat
2026-04-28 19:12,24.64.12.5,Kitimat
2026-04-13 06:31,24.64.12.5,Kitimat
2026-04-02 19:18,24.64.12.5,Kitimat
2026-04-11 17:14,24.64.12.5,Kitimat
2026-04-20 03:45,142.177.3.14,Kitimat
2026-04-09 10:47,24.64.12.5,Kitimat
2026-04-25 15:53,24.64.12.5,Kitimat
2026-04-16 16:35,142.177.3.14,Kitimat
2026-05-01 13:16,24.64.12.5,Kitimat
2026-04-10 20:37,142.177.3.14,Kitimat
2026-04-12 22:33,142.177.3.14,Kitimat
2026-04-08 04:33,24.64.12.5,Kitimat
2026-05-01 23:29,142.177.3.14,Kitimat
2026-04-13 22:58,24.64.18.22,Kitimat
2026-04-01 13:10,24.64.12.5,Kitimat
2026-04-10 17:50,24.64.18.22,Kitimat
2026-04-04 16:28,24.64.12.5,Kitimat
2026-04-05 19:25,24.64.18.22,Kitimat
2026-04-14 11:50,24.64.18.22,Kitimat
2026-04-02 14:29,24.64.12.5,Kitimat
2026-04-09 07:28,24.64.12.5,Kitimat
2026-04-03 04:33,142.177.3.14,Kitimat
2026-04-04 04:13,24.64.12.5,Kitimat
2026-04-29 15:30,142.177.3.14,Kitimat
2026-04-20 16:09,24.64.18.22,Kitimat
2026-04-13 19:11,142.177.3.14,Kitimat
2026-04-09 17:19,142.177.3.14,Kitimat
2026-04-05 23:46,24.64.18.22,Kitimat
2026-04-02 17:03,99.230.12.44,Toronto
2026-05-01 06:49,142.177.3.14,Kitimat
2026-04-25 19:14,142.177.3.14,Kitimat
2026-04-15 00:17,142.177.3.14,Kitimat
2026-04-19 12:56,24.64.18.22,Kitimat
2026-04-07 20:48,142.177.3.14,Kitimat
2026-05-01 05:27,24.64.12.5,Kitimat
2026-04-24 10:24,24.64.18.22,Kitimat
2026-04-29 11:17,142.177.3.14,Kitimat
2026-04-02 04:43,142.177.3.14,Kitimat
2026-04-24 19:05,24.64.18.22,Kitimat
2026-04-07 02:33,24.64.18.22,Kitimat
2026-04-04 13:04,85.214.45.23,Berlin
2026-04-10 11:55,142.177.3.14,Kitimat
2026-04-14 04:50,24.64.18.22,Kitimat
2026-04-23 02:57,24.64.18.22,Kitimat
2026-04-05 21:17,24.64.12.5,Kitimat
2026-04-29 20:08,24.64.12.5,Kitimat
2026-04-30 10:22,24.64.12.5,Kitimat
2026-04-01 19:20,95.161.22.4,Riyadh
2026-04-16 22:29,142.177.3.14,Kitimat
2026-04-07 03:30,24.64.18.22,Kitimat
2026-04-04 00:44,99.230.12.44,Toronto
2026-05-01 21:53,142.177.3.14,Kitimat
2026-04-22 03:18,24.64.12.5,Kitimat
2026-04-01 02:51,99.230.12.44,Toronto
2026-04-03 02:55,142.177.3.14,Kitimat
2026-04-24 03:54,24.64.12.5,Kitimat
2026-04-19 10:24,24.64.12.5,Kitimat
2026-04-02 12:54,24.64.18.22,Kitimat
2026-04-13 10:01,24.64.18.22,Kitimat
2026-04-22 07:12,24.64.12.5,Kitimat
2026-04-17 13:03,24.64.18.22,Kitimat
2026-04-17 08:38,24.64.18.22,Kitimat
2026-04-06 09:51,24.64.18.22,Kitimat
2026-04-13 16:06,24.64.12.5,Kitimat
2026-04-14 03:28,24.64.18.22,Kitimat
2026-04-13 13:03,24.64.18.22,Kitimat
2026-04-24 00:39,24.64.12.5,Kitimat
2026-04-06 01:59,24.64.18.22,Kitimat
2026-04-01 02:10,24.64.18.22,Kitimat
2026-04-01 04:15,24.64.18.22,Kitimat
2026-05-01 22:29,24.64.12.5,Kitimat
2026-04-17 02:47,24.64.18.22,Kitimat
